Kappa,Chi2
0.11907,0.00117
